{
    "root_group": {
        "groups": {},
        "checks": {
                "status is 200": {
                    "passes": 20680,
                    "fails": 1,
                    "name": "status is 200",
                    "path": "::status is 200",
                    "id": "6210a8cd14cd70477eba5c5e4cb3fb5f"
                },
                "response time < 500ms": {
                    "name": "response time < 500ms",
                    "path": "::response time < 500ms",
                    "id": "3e02485a995423a591645f4eee6c60eb",
                    "passes": 20575,
                    "fails": 106
                }
            },
        "name": "",
        "path": "",
        "id": "d41d8cd98f00b204e9800998ecf8427e"
    },
    "metrics": {
        "iterations": {
            "count": 20681,
            "rate": 172.32677676864785
        },
        "vus": {
            "max": 99,
            "value": 1,
            "min": 1
        },
        "checks": {
            "passes": 41255,
            "fails": 107,
            "value": 0.9974130844736715
        },
        "http_req_failed": {
            "passes": 1,
            "fails": 20680,
            "value": 0.00004835356123978531
        },
        "http_req_blocked": {
            "avg": 101.82861563106212,
            "min": 0,
            "med": 0.2285,
            "max": 15556.303359,
            "p(90)": 0.3717,
            "p(95)": 1027.493233
        },
        "data_sent": {
            "count": 1447600,
            "rate": 12062.291090870589
        },
        "http_req_duration": {
            "p(90)": 309.332384,
            "p(95)": 328.214877,
            "avg": 223.7112322858188,
            "min": 0,
            "med": 244.666171,
            "max": 1311.137647
        },
        "http_req_tls_handshaking": {
            "avg": 0,
            "min": 0,
            "med": 0,
            "max": 0,
            "p(90)": 0,
            "p(95)": 0
        },
        "http_req_receiving": {
            "med": 1.0504,
            "max": 14.278009,
            "p(90)": 2.7897,
            "p(95)": 3.6518,
            "avg": 1.260749430153289,
            "min": 0
        },
        "iteration_duration": {
            "avg": 327.14619110405675,
            "min": 17.692699,
            "med": 247.745901,
            "max": 30000.859704,
            "p(90)": 332.663386,
            "p(95)": 1295.898827
        },
        "http_req_duration{expected_response:true}": {
            "p(90)": 309.3331697,
            "p(95)": 328.21490195,
            "avg": 223.7220500436663,
            "min": 17.393299,
            "med": 244.668523,
            "max": 1311.137647
        },
        "http_req_waiting": {
            "med": 243.255105,
            "max": 1309.822847,
            "p(90)": 307.728778,
            "p(95)": 326.268535,
            "avg": 222.40325278729196,
            "min": 0
        },
        "data_received": {
            "count": 30709800,
            "rate": 255892.88957061176
        },
        "http_reqs": {
            "rate": 172.32677676864785,
            "count": 20681
        },
        "http_req_connecting": {
            "max": 15556.266259,
            "p(90)": 0.2495,
            "p(95)": 1027.416933,
            "avg": 101.75454303776426,
            "min": 0,
            "med": 0.158
        },
        "http_req_sending": {
            "med": 0.035,
            "max": 9.807101,
            "p(90)": 0.0811,
            "p(95)": 0.1019,
            "avg": 0.0472300683719356,
            "min": 0
        },
        "vus_max": {
            "min": 100,
            "max": 100,
            "value": 100
        }
    }
}