{
    "root_group": {
        "path": "",
        "id": "d41d8cd98f00b204e9800998ecf8427e",
        "groups": {},
        "checks": {
                "status is 200": {
                    "path": "::status is 200",
                    "id": "6210a8cd14cd70477eba5c5e4cb3fb5f",
                    "passes": 14392,
                    "fails": 118,
                    "name": "status is 200"
                },
                "response time < 500ms": {
                    "name": "response time < 500ms",
                    "path": "::response time < 500ms",
                    "id": "3e02485a995423a591645f4eee6c60eb",
                    "passes": 9940,
                    "fails": 4570
                }
            },
        "name": ""
    },
    "metrics": {
        "http_req_tls_handshaking": {
            "avg": 0,
            "min": 0,
            "med": 0,
            "max": 0,
            "p(90)": 0,
            "p(95)": 0
        },
        "vus": {
            "value": 1,
            "min": 1,
            "max": 99
        },
        "http_reqs": {
            "count": 14510,
            "rate": 119.86855773994712
        },
        "http_req_waiting": {
            "min": 49.464012,
            "med": 217.8670215,
            "max": 5497.777648,
            "p(90)": 1242.5578807000004,
            "p(95)": 1631.8890885499998,
            "avg": 467.0334410926954
        },
        "checks": {
            "passes": 24332,
            "fails": 4688,
            "value": 0.8384562370778773
        },
        "iteration_duration": {
            "p(90)": 1245.4581299000001,
            "p(95)": 1634.69136455,
            "avg": 468.093018081531,
            "min": 49.707112,
            "med": 219.06622,
            "max": 5498.074548
        },
        "http_req_failed": {
            "passes": 118,
            "fails": 14392,
            "value": 0.008132322536181943
        },
        "data_received": {
            "count": 6768142,
            "rate": 55912.29635555901
        },
        "http_req_blocked": {
            "min": 0.0017,
            "med": 0.0044,
            "max": 262.453457,
            "p(90)": 0.0091,
            "p(95)": 0.011654999999999928,
            "avg": 0.5369209919366089
        },
        "http_req_duration": {
            "min": 49.554712,
            "med": 218.1808825,
            "max": 5497.911248,
            "p(90)": 1242.7562307000007,
            "p(95)": 1634.0672841499993,
            "avg": 467.39146528993786
        },
        "http_req_connecting": {
            "avg": 0.5269279589248793,
            "min": 0,
            "med": 0,
            "max": 262.347757,
            "p(90)": 0,
            "p(95)": 0
        },
        "vus_max": {
            "value": 100,
            "min": 100,
            "max": 100
        },
        "data_sent": {
            "count": 1015700,
            "rate": 8390.7990417963
        },
        "http_req_duration{expected_response:true}": {
            "med": 216.5018395,
            "max": 5497.911248,
            "p(90)": 1242.5206455999999,
            "p(95)": 1629.65274295,
            "avg": 466.11249691245143,
            "min": 49.554712
        },
        "http_req_sending": {
            "avg": 0.019792746312887674,
            "min": 0.0054,
            "med": 0.0122,
            "max": 0.865,
            "p(90)": 0.0407,
            "p(95)": 0.060154999999999924
        },
        "http_req_receiving": {
            "p(90)": 0.9909500000000017,
            "p(95)": 1.2912959999999993,
            "avg": 0.33823145093039303,
            "min": 0.0234,
            "med": 0.0945,
            "max": 49.887012
        },
        "iterations": {
            "count": 14510,
            "rate": 119.86855773994712
        }
    }
}